{
  "backprop" : true,
  "backpropType" : "Standard",
  "cacheMode" : "NONE",
  "confs" : [ {
    "cacheMode" : "NONE",
    "epochCount" : 0,
    "iterationCount" : 0,
    "l1ByParam" : {
      "b" : 0.0,
      "W" : 0.0
    },
    "l2ByParam" : {
      "b" : 0.0,
      "W" : 1.0E-4
    },
    "layer" : {
      "@class" : "org.deeplearning4j.nn.conf.layers.DenseLayer",
      "activationFn" : {
        "@class" : "org.nd4j.linalg.activations.impl.ActivationTanH"
      },
      "biasInit" : 0.0,
      "biasUpdater" : null,
      "constraints" : null,
      "dist" : null,
      "gradientNormalization" : "None",
      "gradientNormalizationThreshold" : 1.0,
      "hasBias" : true,
      "idropout" : null,
      "iupdater" : {
        "@class" : "org.nd4j.linalg.learning.config.Sgd",
        "learningRate" : 0.1
      },
      "l1" : 0.0,
      "l1Bias" : 0.0,
      "l2" : 1.0E-4,
      "l2Bias" : 0.0,
      "layerName" : "layer0",
      "nin" : 50,
      "nout" : 10,
      "weightInit" : "XAVIER",
      "weightNoise" : null
    },
    "maxNumLineSearchIterations" : 5,
    "miniBatch" : true,
    "minimize" : true,
    "optimizationAlgo" : "STOCHASTIC_GRADIENT_DESCENT",
    "pretrain" : false,
    "seed" : 6,
    "stepFunction" : null,
    "variables" : [ "W", "b" ]
  }, {
    "cacheMode" : "NONE",
    "epochCount" : 0,
    "iterationCount" : 0,
    "l1ByParam" : {
      "b" : 0.0,
      "W" : 0.0
    },
    "l2ByParam" : {
      "b" : 0.0,
      "W" : 1.0E-4
    },
    "layer" : {
      "@class" : "org.deeplearning4j.nn.conf.layers.OutputLayer",
      "activationFn" : {
        "@class" : "org.nd4j.linalg.activations.impl.ActivationSigmoid"
      },
      "biasInit" : 0.0,
      "biasUpdater" : null,
      "constraints" : null,
      "dist" : null,
      "gradientNormalization" : "None",
      "gradientNormalizationThreshold" : 1.0,
      "hasBias" : true,
      "idropout" : null,
      "iupdater" : {
        "@class" : "org.nd4j.linalg.learning.config.Sgd",
        "learningRate" : 0.1
      },
      "l1" : 0.0,
      "l1Bias" : 0.0,
      "l2" : 1.0E-4,
      "l2Bias" : 0.0,
      "layerName" : "layer1",
      "lossFn" : {
        "@class" : "org.nd4j.linalg.lossfunctions.impl.LossBinaryXENT",
        "clipEps" : 1.0E-5,
        "configProperties" : false
      },
      "nin" : 10,
      "nout" : 2,
      "weightInit" : "XAVIER",
      "weightNoise" : null
    },
    "maxNumLineSearchIterations" : 5,
    "miniBatch" : true,
    "minimize" : true,
    "optimizationAlgo" : "STOCHASTIC_GRADIENT_DESCENT",
    "pretrain" : false,
    "seed" : 6,
    "stepFunction" : null,
    "variables" : [ "W", "b" ]
  } ],
  "epochCount" : 0,
  "inferenceWorkspaceMode" : "ENABLED",
  "inputPreProcessors" : { },
  "iterationCount" : 8000,
  "pretrain" : false,
  "tbpttBackLength" : 20,
  "tbpttFwdLength" : 20,
  "trainingWorkspaceMode" : "ENABLED"
}